chr1	9998	N	1	=:0:0.00:0.00:0.00:0:0:0.00:0.00:0.00:0:0.00:0.00:0.00	A:0:0.00:0.00:0.00:0:0:0.00:0.00:0.00:0:0.00:0.00:0.00	C:1:4.00:33.00:0.00:1:0:0.00:0.06:0.00:0:0.00:0.00:0.00	G:0:0.00:0.00:0.00:0:0:0.00:0.00:0.00:0:0.00:0.00:0.00	T:0:0.00:0.00:0.00:0:0:0.00:0.00:0.00:0:0.00:0.00:0.00	N:0:0.00:0.00:0.00:0:0:0.00:0.00:0.00:0:0.00:0.00:0.00
chr1	9999	N	5	=:0:0.00:0.00:0.00:0:0:0.00:0.00:0.00:0:0.00:0.00:0.00	A:0:0.00:0.00:0.00:0:0:0.00:0.00:0.00:0:0.00:0.00:0.00	C:1:4.00:33.00:0.00:1:0:0.00:0.06:0.00:0:0.00:0.00:0.00	G:4:0.00:34.50:0.00:3:1:0.00:0.00:0.00:0:0.00:0.00:0.00	T:0:0.00:0.00:0.00:0:0:0.00:0.00:0.00:0:0.00:0.00:0.00	N:0:0.00:0.00:0.00:0:0:0.00:0.00:0.00:0:0.00:0.00:0.00
chr1	10000	N	6	=:0:0.00:0.00:0.00:0:0:0.00:0.00:0.00:0:0.00:0.00:0.00	A:6:0.67:31.83:0.00:5:1:0.00:0.03:0.00:0:0.00:0.00:0.00	C:0:0.00:0.00:0.00:0:0:0.00:0.00:0.00:0:0.00:0.00:0.00	G:0:0.00:0.00:0.00:0:0:0.00:0.00:0.00:0:0.00:0.00:0.00	T:0:0.00:0.00:0.00:0:0:0.00:0.00:0.00:0:0.00:0.00:0.00	N:0:0.00:0.00:0.00:0:0:0.00:0.00:0.00:0:0.00:0.00:0.00
chr1	10001	N	9	=:0:0.00:0.00:0.00:0:0:0.00:0.00:0.00:0:0.00:0.00:0.00	A:0:0.00:0.00:0.00:0:0:0.00:0.00:0.00:0:0.00:0.00:0.00	C:0:0.00:0.00:0.00:0:0:0.00:0.00:0.00:0:0.00:0.00:0.00	G:0:0.00:0.00:0.00:0:0:0.00:0.00:0.00:0:0.00:0.00:0.00	T:9:0.44:35.00:0.00:8:1:0.00:0.03:0.00:0:0.00:0.00:0.00	N:0:0.00:0.00:0.00:0:0:0.00:0.00:0.00:0:0.00:0.00:0.00
chr1	10002	N	24	=:0:0.00:0.00:0.00:0:0:0.00:0.00:0.00:0:0.00:0.00:0.00	A:14:0.29:32.29:0.00:11:3:0.00:0.02:0.00:0:0.00:0.00:0.00	C:0:0.00:0.00:0.00:0:0:0.00:0.00:0.00:0:0.00:0.00:0.00	G:0:0.00:0.00:0.00:0:0:0.00:0.00:0.00:0:0.00:0.00:0.00	T:0:0.00:0.00:0.00:0:0:0.00:0.00:0.00:0:0.00:0.00:0.00	N:0:0.00:0.00:0.00:0:0:0.00:0.00:0.00:0:0.00:0.00:0.00
chr1	10003	N	28	=:0:0.00:0.00:0.00:0:0:0.00:0.00:0.00:0:0.00:0.00:0.00	A:18:0.22:31.17:0.00:13:5:0.00:0.02:0.00:0:0.00:0.00:0.00	C:0:0.00:0.00:0.00:0:0:0.00:0.00:0.00:0:0.00:0.00:0.00	G:0:0.00:0.00:0.00:0:0:0.00:0.00:0.00:0:0.00:0.00:0.00	T:0:0.00:0.00:0.00:0:0:0.00:0.00:0.00:0:0.00:0.00:0.00	N:0:0.00:0.00:0.00:0:0:0.00:0.00:0.00:0:0.00:0.00:0.00
chr1	10004	N	21	=:0:0.00:0.00:0.00:0:0:0.00:0.00:0.00:0:0.00:0.00:0.00	A:0:0.00:0.00:0.00:0:0:0.00:0.00:0.00:0:0.00:0.00:0.00	C:20:0.20:35.20:0.00:15:5:0.00:0.03:0.00:0:0.00:0.00:0.00	G:0:0.00:0.00:0.00:0:0:0.00:0.00:0.00:0:0.00:0.00:0.00	T:0:0.00:0.00:0.00:0:0:0.00:0.00:0.00:0:0.00:0.00:0.00	N:0:0.00:0.00:0.00:0:0:0.00:0.00:0.00:0:0.00:0.00:0.00
chr1	10005	N	24	=:0:0.00:0.00:0.00:0:0:0.00:0.00:0.00:0:0.00:0.00:0.00	A:0:0.00:0.00:0.00:0:0:0.00:0.00:0.00:0:0.00:0.00:0.00	C:24:0.42:33.04:0.00:19:5:0.00:0.03:0.00:0:0.00:0.00:0.00	G:0:0.00:0.00:0.00:0:0:0.00:0.00:0.00:0:0.00:0.00:0.00	T:0:0.00:0.00:0.00:0:0:0.00:0.00:0.00:0:0.00:0.00:0.00	N:0:0.00:0.00:0.00:0:0:0.00:0.00:0.00:0:0.00:0.00:0.00
chr1	10006	N	18	=:0:0.00:0.00:0.00:0:0:0.00:0.00:0.00:0:0.00:0.00:0.00	A:0:0.00:0.00:0.00:0:0:0.00:0.00:0.00:0:0.00:0.00:0.00	C:28:1.79:31.75:0.00:23:5:0.00:0.02:0.00:0:0.00:0.00:0.00	G:0:0.00:0.00:0.00:0:0:0.00:0.00:0.00:0:0.00:0.00:0.00	T:0:0.00:0.00:0.00:0:0:0.00:0.00:0.00:0:0.00:0.00:0.00	N:0:0.00:0.00:0.00:0:0:0.00:0.00:0.00:0:0.00:0.00:0.00
chr1	10007	N	30	=:0:0.00:0.00:0.00:0:0:0.00:0.00:0.00:0:0.00:0.00:0.00	A:0:0.00:0.00:0.00:0:0:0.00:0.00:0.00:0:0.00:0.00:0.00	C:1:0.00:14.00:0.00:0:1:0.00:0.02:0.00:0:0.00:0.00:0.00	G:0:0.00:0.00:0.00:0:0:0.00:0.00:0.00:0:0.00:0.00:0.00	T:29:1.72:31.31:0.00:25:4:0.00:0.02:0.00:0:0.00:0.00:0.00	N:0:0.00:0.00:0.00:0:0:0.00:0.00:0.00:0:0.00:0.00:0.00
chr1	10008	N	32	=:0:0.00:0.00:0.00:0:0:0.00:0.00:0.00:0:0.00:0.00:0.00	A:31:1.61:31.29:0.00:24:7:0.00:0.02:0.00:0:0.00:0.00:0.00	C:1:0.00:37.00:0.00:1:0:0.00:0.04:0.00:0:0.00:0.00:0.00	G:0:0.00:0.00:0.00:0:0:0.00:0.00:0.00:0:0.00:0.00:0.00	T:0:0.00:0.00:0.00:0:0:0.00:0.00:0.00:0:0.00:0.00:0.00	N:0:0.00:0.00:0.00:0:0:0.00:0.00:0.00:0:0.00:0.00:0.00
chr1	10009	N	35	=:0:0.00:0.00:0.00:0:0:0.00:0.00:0.00:0:0.00:0.00:0.00	A:35:1.77:31.51:0.00:28:7:0.00:0.02:0.00:0:0.00:0.00:0.00	C:0:0.00:0.00:0.00:0:0:0.00:0.00:0.00:0:0.00:0.00:0.00	G:0:0.00:0.00:0.00:0:0:0.00:0.00:0.00:0:0.00:0.00:0.00	T:0:0.00:0.00:0.00:0:0:0.00:0.00:0.00:0:0.00:0.00:0.00	N:0:0.00:0.00:0.00:0:0:0.00:0.00:0.00:0:0.00:0.00:0.00
chr1	10010	N	18	=:0:0.00:0.00:0.00:0:0:0.00:0.00:0.00:0:0.00:0.00:0.00	A:0:0.00:0.00:0.00:0:0:0.00:0.00:0.00:0:0.00:0.00:0.00	C:38:1.63:31.89:0.00:31:7:0.00:0.02:0.00:0:0.00:0.00:0.00	G:0:0.00:0.00:0.00:0:0:0.00:0.00:0.00:0:0.00:0.00:0.00	T:0:0.00:0.00:0.00:0:0:0.00:0.00:0.00:0:0.00:0.00:0.00	N:0:0.00:0.00:0.00:0:0:0.00:0.00:0.00:0:0.00:0.00:0.00
chr1	10011	N	15	=:0:0.00:0.00:0.00:0:0:0.00:0.00:0.00:0:0.00:0.00:0.00	A:0:0.00:0.00:0.00:0:0:0.00:0.00:0.00:0:0.00:0.00:0.00	C:45:1.38:33.07:0.00:38:7:0.00:0.02:0.00:0:0.00:0.00:0.00	G:0:0.00:0.00:0.00:0:0:0.00:0.00:0.00:0:0.00:0.00:0.00	T:0:0.00:0.00:0.00:0:0:0.00:0.00:0.00:0:0.00:0.00:0.00	N:0:0.00:0.00:0.00:0:0:0.00:0.00:0.00:0:0.00:0.00:0.00
chr1	10012	N	17	=:0:0.00:0.00:0.00:0:0:0.00:0.00:0.00:0:0.00:0.00:0.00	A:0:0.00:0.00:0.00:0:0:0.00:0.00:0.00:0:0.00:0.00:0.00	C:47:1.32:33.04:0.00:40:7:0.00:0.02:0.00:0:0.00:0.00:0.00	G:0:0.00:0.00:0.00:0:0:0.00:0.00:0.00:0:0.00:0.00:0.00	T:0:0.00:0.00:0.00:0:0:0.00:0.00:0.00:0:0.00:0.00:0.00	N:0:0.00:0.00:0.00:0:0:0.00:0.00:0.00:0:0.00:0.00:0.00
